PassengerId,Survived,Pclass,Sex,Age,SibSp,Parch,Fare,TitleGroup,Embarked,FamilySize,AgeGroup
1,0,3,0,22,1,0,7.25,Mr,0,2,3
2,1,1,1,38,1,0,71.2833,Mrs,1,2,4
3,1,3,1,26,0,0,7.925,Miss,0,1,3
4,1,1,1,35,1,0,53.1,Mrs,0,2,4
5,0,3,0,35,0,0,8.05,Mr,0,1,4
6,0,3,0,30,0,0,8.4583,Mr,2,1,4
7,0,1,0,54,0,0,51.8625,Mr,0,1,4
8,0,3,0,2,3,1,21.075,kid,0,5,0
9,1,3,1,27,0,2,11.1333,Mrs,0,3,3
10,1,2,1,14,1,0,30.0708,Mrs,1,2,2
11,1,3,1,4,1,1,16.7,Miss,0,3,1
12,1,1,1,58,0,0,26.55,Miss,0,1,4
13,0,3,0,20,0,0,8.05,Mr,0,1,3
14,0,3,0,39,1,5,31.275,Mr,0,7,4
15,0,3,1,14,0,0,7.8542,Miss,0,1,2
16,1,2,1,55,0,0,16.0,Mrs,0,1,4
17,0,3,0,2,4,1,29.125,kid,2,6,0
18,1,2,0,30,0,0,13.0,Mr,0,1,4
19,0,3,1,31,1,0,18.0,Mrs,0,2,4
20,1,3,1,35,0,0,7.225,Mrs,1,1,4
21,0,2,0,35,0,0,26.0,Mr,0,1,4
22,1,2,0,34,0,0,13.0,Mr,0,1,4
23,1,3,1,15,0,0,8.0292,Miss,2,1,2
24,1,1,0,28,0,0,35.5,Mr,0,1,3
25,0,3,1,8,3,1,21.075,Miss,0,5,1
26,1,3,1,38,1,5,31.3875,Mrs,0,7,4
27,0,3,0,30,0,0,7.225,Mr,1,1,4
28,0,1,0,19,3,2,263.0,Mr,0,6,2
29,1,3,1,21,0,0,7.8792,Miss,2,1,3
30,0,3,0,30,0,0,7.8958,Mr,0,1,4
31,0,1,0,40,0,0,27.7208,Mr,1,1,4
32,1,1,1,35,1,0,146.5208,Mrs,1,2,4
33,1,3,1,21,0,0,7.75,Miss,2,1,3
34,0,2,0,66,0,0,10.5,Mr,0,1,5
35,0,1,0,28,1,0,82.1708,Mr,1,2,3
36,0,1,0,42,1,0,52.0,Mr,0,2,4
37,1,3,0,30,0,0,7.2292,Mr,1,1,4
38,0,3,0,21,0,0,8.05,Mr,0,1,3
39,0,3,1,18,2,0,18.0,Miss,0,3,2
40,1,3,1,14,1,0,11.2417,Miss,1,2,2
41,0,3,1,40,1,0,9.475,Mrs,0,2,4
42,0,2,1,27,1,0,21.0,Mrs,0,2,3
43,0,3,0,30,0,0,7.8958,Mr,1,1,4
44,1,2,1,3,1,2,41.5792,Miss,1,4,1
45,1,3,1,19,0,0,7.8792,Miss,2,1,2
46,0,3,0,30,0,0,8.05,Mr,0,1,4
47,0,3,0,30,1,0,15.5,Mr,2,2,4
48,1,3,1,21,0,0,7.75,Miss,2,1,3
49,0,3,0,30,2,0,21.6792,Mr,1,3,4
50,0,3,1,18,1,0,17.8,Mrs,0,2,2
51,0,3,0,7,4,1,39.6875,kid,0,6,1
52,0,3,0,21,0,0,7.8,Mr,0,1,3
53,1,1,1,49,1,0,76.7292,Mrs,1,2,4
54,1,2,1,29,1,0,26.0,Mrs,0,2,3
55,0,1,0,65,0,1,61.9792,Mr,1,2,5
56,1,1,0,30,0,0,35.5,Mr,0,1,4
57,1,2,1,21,0,0,10.5,Miss,0,1,3
58,0,3,0,29,0,0,7.2292,Mr,1,1,3
59,1,2,1,5,1,2,27.75,Miss,0,4,1
60,0,3,0,11,5,2,46.9,kid,0,8,1
61,0,3,0,22,0,0,7.2292,Mr,1,1,3
62,1,1,1,38,0,0,80.0,Miss,0,1,4
63,0,1,0,45,1,0,83.475,Mr,0,2,4
64,0,3,0,4,3,2,27.9,kid,0,6,1
65,0,1,0,30,0,0,27.7208,Mr,1,1,4
66,1,3,0,4,1,1,15.2458,kid,1,3,1
67,1,2,1,29,0,0,10.5,Mrs,0,1,3
68,0,3,0,19,0,0,8.1583,Mr,0,1,2
69,1,3,1,17,4,2,7.925,Miss,0,7,2
70,0,3,0,26,2,0,8.6625,Mr,0,3,3
71,0,2,0,32,0,0,10.5,Mr,0,1,4
72,0,3,1,16,5,2,46.9,Miss,0,8,2
73,0,2,0,21,0,0,73.5,Mr,0,1,3
74,0,3,0,26,1,0,14.4542,Mr,1,2,3
75,1,3,0,32,0,0,56.4958,Mr,0,1,4
76,0,3,0,25,0,0,7.65,Mr,0,1,3
77,0,3,0,30,0,0,7.8958,Mr,0,1,4
78,0,3,0,30,0,0,8.05,Mr,0,1,4
79,1,2,0,1,0,2,29.0,kid,0,3,0
80,1,3,1,30,0,0,12.475,Miss,0,1,4
81,0,3,0,22,0,0,9.0,Mr,0,1,3
82,1,3,0,29,0,0,9.5,Mr,0,1,3
83,1,3,1,21,0,0,7.7875,Miss,2,1,3
84,0,1,0,28,0,0,47.1,Mr,0,1,3
85,1,2,1,17,0,0,10.5,Miss,0,1,2
86,1,3,1,33,3,0,15.85,Mrs,0,4,4
87,0,3,0,16,1,3,34.375,Mr,0,5,2
88,0,3,0,30,0,0,8.05,Mr,0,1,4
89,1,1,1,23,3,2,263.0,Miss,0,6,3
90,0,3,0,24,0,0,8.05,Mr,0,1,3
91,0,3,0,29,0,0,8.05,Mr,0,1,3
92,0,3,0,20,0,0,7.8542,Mr,0,1,3
93,0,1,0,46,1,0,61.175,Mr,0,2,4
94,0,3,0,26,1,2,20.575,Mr,0,4,3
95,0,3,0,59,0,0,7.25,Mr,0,1,4
96,0,3,0,30,0,0,8.05,Mr,0,1,4
97,0,1,0,71,0,0,34.6542,Mr,1,1,5
98,1,1,0,23,0,1,63.3583,Mr,1,2,3
99,1,2,1,34,0,1,23.0,Mrs,0,2,4
100,0,2,0,34,1,0,26.0,Mr,0,2,4
101,0,3,1,28,0,0,7.8958,Miss,0,1,3
102,0,3,0,30,0,0,7.8958,Mr,0,1,4
103,0,1,0,21,0,1,77.2875,Mr,0,2,3
104,0,3,0,33,0,0,8.6542,Mr,0,1,4
105,0,3,0,37,2,0,7.925,Mr,0,3,4
106,0,3,0,28,0,0,7.8958,Mr,0,1,3
107,1,3,1,21,0,0,7.65,Miss,0,1,3
108,1,3,0,30,0,0,7.775,Mr,0,1,4
109,0,3,0,38,0,0,7.8958,Mr,0,1,4
110,1,3,1,21,1,0,24.15,Miss,2,2,3
111,0,1,0,47,0,0,52.0,Mr,0,1,4
112,0,3,1,15,1,0,14.4542,Miss,1,2,2
113,0,3,0,22,0,0,8.05,Mr,0,1,3
114,0,3,1,20,1,0,9.825,Miss,0,2,3
115,0,3,1,17,0,0,14.4583,Miss,1,1,2
116,0,3,0,21,0,0,7.925,Mr,0,1,3
117,0,3,0,71,0,0,7.75,Mr,2,1,5
118,0,2,0,29,1,0,21.0,Mr,0,2,3
119,0,1,0,24,0,1,247.5208,Mr,1,2,3
120,0,3,1,2,4,2,31.275,Miss,0,7,0
121,0,2,0,21,2,0,73.5,Mr,0,3,3
122,0,3,0,30,0,0,8.05,Mr,0,1,4
123,0,2,0,33,1,0,30.0708,Mr,1,2,4
124,1,2,1,33,0,0,13.0,Miss,0,1,4
125,0,1,0,54,0,1,77.2875,Mr,0,2,4
126,1,3,0,12,1,0,11.2417,kid,1,2,1
127,0,3,0,30,0,0,7.75,Mr,2,1,4
128,1,3,0,24,0,0,7.1417,Mr,0,1,3
129,1,3,1,21,1,1,22.3583,Miss,1,3,3
130,0,3,0,45,0,0,6.975,Mr,0,1,4
131,0,3,0,33,0,0,7.8958,Mr,1,1,4
132,0,3,0,20,0,0,7.05,Mr,0,1,3
133,0,3,1,47,1,0,14.5,Mrs,0,2,4
134,1,2,1,29,1,0,26.0,Mrs,0,2,3
135,0,2,0,25,0,0,13.0,Mr,0,1,3
136,0,2,0,23,0,0,15.0458,Mr,1,1,3
137,1,1,1,19,0,2,26.2833,Miss,0,3,2
138,0,1,0,37,1,0,53.1,Mr,0,2,4
139,0,3,0,16,0,0,9.2167,Mr,0,1,2
140,0,1,0,24,0,0,79.2,Mr,1,1,3
141,0,3,1,35,0,2,15.2458,Mrs,1,3,4
142,1,3,1,22,0,0,7.75,Miss,0,1,3
143,1,3,1,24,1,0,15.85,Mrs,0,2,3
144,0,3,0,19,0,0,6.75,Mr,2,1,2
145,0,2,0,18,0,0,11.5,Mr,0,1,2
146,0,2,0,19,1,1,36.75,Mr,0,3,2
147,1,3,0,27,0,0,7.7958,Mr,0,1,3
148,0,3,1,9,2,2,34.375,Miss,0,5,1
149,0,2,0,37,0,2,26.0,Mr,0,3,4
150,0,2,0,42,0,0,13.0,Mr,0,1,4
151,0,2,0,51,0,0,12.525,Mr,0,1,4
152,1,1,1,22,1,0,66.6,Mrs,0,2,3
153,0,3,0,56,0,0,8.05,Mr,0,1,4
154,0,3,0,41,0,2,14.5,Mr,0,3,4
155,0,3,0,30,0,0,7.3125,Mr,0,1,4
156,0,1,0,51,0,1,61.3792,Mr,1,2,4
157,1,3,1,16,0,0,7.7333,Miss,2,1,2
158,0,3,0,30,0,0,8.05,Mr,0,1,4
159,0,3,0,30,0,0,8.6625,Mr,0,1,4
160,0,3,0,4,8,2,69.55,kid,0,11,1
161,0,3,0,44,0,1,16.1,Mr,0,2,4
162,1,2,1,40,0,0,15.75,Mrs,0,1,4
163,0,3,0,26,0,0,7.775,Mr,0,1,3
164,0,3,0,17,0,0,8.6625,Mr,0,1,2
165,0,3,0,1,4,1,39.6875,kid,0,6,0
166,1,3,0,9,0,2,20.525,kid,0,3,1
167,1,1,1,35,0,1,55.0,Mrs,0,2,4
168,0,3,1,45,1,4,27.9,Mrs,0,6,4
169,0,1,0,30,0,0,25.925,Mr,0,1,4
170,0,3,0,28,0,0,56.4958,Mr,0,1,3
171,0,1,0,61,0,0,33.5,Mr,0,1,5
172,0,3,0,4,4,1,29.125,kid,2,6,1
173,1,3,1,1,1,1,11.1333,Miss,0,3,0
174,0,3,0,21,0,0,7.925,Mr,0,1,3
175,0,1,0,56,0,0,30.6958,Mr,1,1,4
176,0,3,0,18,1,1,7.8542,Mr,0,3,2
177,0,3,0,4,3,1,25.4667,kid,0,5,1
178,0,1,1,50,0,0,28.7125,Miss,1,1,4
179,0,2,0,30,0,0,13.0,Mr,0,1,4
180,0,3,0,36,0,0,0.0,Mr,0,1,4
181,0,3,1,21,8,2,69.55,Miss,0,11,3
182,0,2,0,30,0,0,15.05,Mr,1,1,4
183,0,3,0,9,4,2,31.3875,kid,0,7,1
184,1,2,0,1,2,1,39.0,kid,0,4,0
185,1,3,1,4,0,2,22.025,Miss,0,3,1
186,0,1,0,30,0,0,50.0,Mr,0,1,4
187,1,3,1,35,1,0,15.5,Mrs,2,2,4
188,1,1,0,45,0,0,26.55,Mr,0,1,4
189,0,3,0,40,1,1,15.5,Mr,2,3,4
190,0,3,0,36,0,0,7.8958,Mr,0,1,4
191,1,2,1,32,0,0,13.0,Mrs,0,1,4
192,0,2,0,19,0,0,13.0,Mr,0,1,2
193,1,3,1,19,1,0,7.8542,Miss,0,2,2
194,1,2,0,3,1,1,26.0,kid,0,3,1
195,1,1,1,44,0,0,27.7208,Mrs,1,1,4
196,1,1,1,58,0,0,146.5208,Miss,1,1,4
197,0,3,0,30,0,0,7.75,Mr,2,1,4
198,0,3,0,42,0,1,8.4042,Mr,0,2,4
199,1,3,1,21,0,0,7.75,Miss,2,1,3
200,0,2,1,24,0,0,13.0,Miss,0,1,3
201,0,3,0,28,0,0,9.5,Mr,0,1,3
202,0,3,0,30,8,2,69.55,Mr,0,11,4
203,0,3,0,34,0,0,6.4958,Mr,0,1,4
204,0,3,0,46,0,0,7.225,Mr,1,1,4
205,1,3,0,18,0,0,8.05,Mr,0,1,2
206,0,3,1,2,0,1,10.4625,Miss,0,2,0
207,0,3,0,32,1,0,15.85,Mr,0,2,4
208,1,3,0,26,0,0,18.7875,Mr,1,1,3
209,1,3,1,16,0,0,7.75,Miss,2,1,2
210,1,1,0,40,0,0,31.0,Mr,1,1,4
211,0,3,0,24,0,0,7.05,Mr,0,1,3
212,1,2,1,35,0,0,21.0,Miss,0,1,4
213,0,3,0,22,0,0,7.25,Mr,0,1,3
214,0,2,0,30,0,0,13.0,Mr,0,1,4
215,0,3,0,30,1,0,7.75,Mr,2,2,4
216,1,1,1,31,1,0,113.275,Miss,1,2,4
217,1,3,1,27,0,0,7.925,Miss,0,1,3
218,0,2,0,42,1,0,27.0,Mr,0,2,4
219,1,1,1,32,0,0,76.2917,Miss,1,1,4
220,0,2,0,30,0,0,10.5,Mr,0,1,4
221,1,3,0,16,0,0,8.05,Mr,0,1,2
222,0,2,0,27,0,0,13.0,Mr,0,1,3
223,0,3,0,51,0,0,8.05,Mr,0,1,4
224,0,3,0,30,0,0,7.8958,Mr,0,1,4
225,1,1,0,38,1,0,90.0,Mr,0,2,4
226,0,3,0,22,0,0,9.35,Mr,0,1,3
227,1,2,0,19,0,0,10.5,Mr,0,1,2
228,0,3,0,21,0,0,7.25,Mr,0,1,3
229,0,2,0,18,0,0,13.0,Mr,0,1,2
230,0,3,1,21,3,1,25.4667,Miss,0,5,3
231,1,1,1,35,1,0,83.475,Mrs,0,2,4
232,0,3,0,29,0,0,7.775,Mr,0,1,3
233,0,2,0,59,0,0,13.5,Mr,0,1,4
234,1,3,1,5,4,2,31.3875,Miss,0,7,1
235,0,2,0,24,0,0,10.5,Mr,0,1,3
236,0,3,1,21,0,0,7.55,Miss,0,1,3
237,0,2,0,44,1,0,26.0,Mr,0,2,4
238,1,2,1,8,0,2,26.25,Miss,0,3,1
239,0,2,0,19,0,0,10.5,Mr,0,1,2
240,0,2,0,33,0,0,12.275,Mr,0,1,4
241,0,3,1,21,1,0,14.4542,Miss,1,2,3
242,1,3,1,21,1,0,15.5,Miss,2,2,3
243,0,2,0,29,0,0,10.5,Mr,0,1,3
244,0,3,0,22,0,0,7.125,Mr,0,1,3
245,0,3,0,30,0,0,7.225,Mr,1,1,4
246,0,1,0,44,2,0,90.0,Dr,2,3,4
247,0,3,1,25,0,0,7.775,Miss,0,1,3
248,1,2,1,24,0,2,14.5,Mrs,0,3,3
249,1,1,0,37,1,1,52.5542,Mr,0,3,4
250,0,2,0,54,1,0,26.0,Mr,0,2,4
251,0,3,0,30,0,0,7.25,Mr,0,1,4
252,0,3,1,29,1,1,10.4625,Mrs,0,3,3
253,0,1,0,62,0,0,26.55,Mr,0,1,5
254,0,3,0,30,1,0,16.1,Mr,0,2,4
255,0,3,1,41,0,2,20.2125,Mrs,0,3,4
256,1,3,1,29,0,2,15.2458,Mrs,1,3,3
257,1,1,1,35,0,0,79.2,Mrs,1,1,4
258,1,1,1,30,0,0,86.5,Miss,0,1,4
259,1,1,1,35,0,0,512.3292,Miss,1,1,4
260,1,2,1,50,0,1,26.0,Mrs,0,2,4
261,0,3,0,30,0,0,7.75,Mr,2,1,4
262,1,3,0,3,4,2,31.3875,kid,0,7,1
263,0,1,0,52,1,1,79.65,Mr,0,3,4
264,0,1,0,40,0,0,0.0,Mr,0,1,4
265,0,3,1,21,0,0,7.75,Miss,2,1,3
266,0,2,0,36,0,0,10.5,Mr,0,1,4
267,0,3,0,16,4,1,39.6875,Mr,0,6,2
268,1,3,0,25,1,0,7.775,Mr,0,2,3
269,1,1,1,58,0,1,153.4625,Mrs,0,2,4
270,1,1,1,35,0,0,135.6333,Miss,0,1,4
271,0,1,0,30,0,0,31.0,Mr,0,1,4
272,1,3,0,25,0,0,0.0,Mr,0,1,3
273,1,2,1,41,0,1,19.5,Mrs,0,2,4
274,0,1,0,37,0,1,29.7,Mr,1,2,4
275,1,3,1,21,0,0,7.75,Miss,2,1,3
276,1,1,1,63,1,0,77.9583,Miss,0,2,5
277,0,3,1,45,0,0,7.75,Miss,0,1,4
278,0,2,0,30,0,0,0.0,Mr,0,1,4
279,0,3,0,7,4,1,29.125,kid,2,6,1
280,1,3,1,35,1,1,20.25,Mrs,0,3,4
281,0,3,0,65,0,0,7.75,Mr,2,1,5
282,0,3,0,28,0,0,7.8542,Mr,0,1,3
283,0,3,0,16,0,0,9.5,Mr,0,1,2
284,1,3,0,19,0,0,8.05,Mr,0,1,2
285,0,1,0,30,0,0,26.0,Mr,0,1,4
286,0,3,0,33,0,0,8.6625,Mr,1,1,4
287,1,3,0,30,0,0,9.5,Mr,0,1,4
288,0,3,0,22,0,0,7.8958,Mr,0,1,3
289,1,2,0,42,0,0,13.0,Mr,0,1,4
290,1,3,1,22,0,0,7.75,Miss,2,1,3
291,1,1,1,26,0,0,78.85,Miss,0,1,3
292,1,1,1,19,1,0,91.0792,Mrs,1,2,2
293,0,2,0,36,0,0,12.875,Mr,1,1,4
294,0,3,1,24,0,0,8.85,Miss,0,1,3
295,0,3,0,24,0,0,7.8958,Mr,0,1,3
296,0,1,0,30,0,0,27.7208,Mr,1,1,4
297,0,3,0,24,0,0,7.2292,Mr,1,1,3
298,0,1,1,2,1,2,151.55,Miss,0,4,0
299,1,1,0,30,0,0,30.5,Mr,0,1,4
300,1,1,1,50,0,1,247.5208,Mrs,1,2,4
301,1,3,1,21,0,0,7.75,Miss,2,1,3
302,1,3,0,30,2,0,23.25,Mr,2,3,4
303,0,3,0,19,0,0,0.0,Mr,0,1,2
304,1,2,1,21,0,0,12.35,Miss,2,1,3
305,0,3,0,30,0,0,8.05,Mr,0,1,4
306,1,1,0,1,1,2,151.55,kid,0,4,0
307,1,1,1,21,0,0,110.8833,Miss,1,1,3
308,1,1,1,17,1,0,108.9,Mrs,1,2,2
309,0,2,0,30,1,0,24.0,Mr,1,2,4
310,1,1,1,30,0,0,56.9292,Miss,1,1,4
311,1,1,1,24,0,0,83.1583,Miss,1,1,3
312,1,1,1,18,2,2,262.375,Miss,1,5,2
313,0,2,1,26,1,1,26.0,Mrs,0,3,3
314,0,3,0,28,0,0,7.8958,Mr,0,1,3
315,0,2,0,43,1,1,26.25,Mr,0,3,4
316,1,3,1,26,0,0,7.8542,Miss,0,1,3
317,1,2,1,24,1,0,26.0,Mrs,0,2,3
318,0,2,0,54,0,0,14.0,Dr,0,1,4
319,1,1,1,31,0,2,164.8667,Miss,0,3,4
320,1,1,1,40,1,1,134.5,Mrs,1,3,4
321,0,3,0,22,0,0,7.25,Mr,0,1,3
322,0,3,0,27,0,0,7.8958,Mr,0,1,3
323,1,2,1,30,0,0,12.35,Miss,2,1,4
324,1,2,1,22,1,1,29.0,Mrs,0,3,3
325,0,3,0,30,8,2,69.55,Mr,0,11,4
326,1,1,1,36,0,0,135.6333,Miss,1,1,4
327,0,3,0,61,0,0,6.2375,Mr,0,1,5
328,1,2,1,36,0,0,13.0,Mrs,0,1,4
329,1,3,1,31,1,1,20.525,Mrs,0,3,4
330,1,1,1,16,0,1,57.9792,Miss,1,2,2
331,1,3,1,21,2,0,23.25,Miss,2,3,3
332,0,1,0,46,0,0,28.5,Mr,0,1,4
333,0,1,0,38,0,1,153.4625,Mr,0,2,4
334,0,3,0,16,2,0,18.0,Mr,0,3,2
335,1,1,1,35,1,0,133.65,Mrs,0,2,4
336,0,3,0,30,0,0,7.8958,Mr,0,1,4
337,0,1,0,29,1,0,66.6,Mr,0,2,3
338,1,1,1,41,0,0,134.5,Miss,1,1,4
339,1,3,0,45,0,0,8.05,Mr,0,1,4
340,0,1,0,45,0,0,35.5,Mr,0,1,4
341,1,2,0,2,1,1,26.0,kid,0,3,0
342,1,1,1,24,3,2,263.0,Miss,0,6,3
343,0,2,0,28,0,0,13.0,Mr,0,1,3
344,0,2,0,25,0,0,13.0,Mr,0,1,3
345,0,2,0,36,0,0,13.0,Mr,0,1,4
346,1,2,1,24,0,0,13.0,Miss,0,1,3
347,1,2,1,40,0,0,13.0,Miss,0,1,4
348,1,3,1,35,1,0,16.1,Mrs,0,2,4
349,1,3,0,3,1,1,15.9,kid,0,3,1
350,0,3,0,42,0,0,8.6625,Mr,0,1,4
351,0,3,0,23,0,0,9.225,Mr,0,1,3
352,0,1,0,30,0,0,35.0,Mr,0,1,4
353,0,3,0,15,1,1,7.2292,Mr,1,3,2
354,0,3,0,25,1,0,17.8,Mr,0,2,3
355,0,3,0,30,0,0,7.225,Mr,1,1,4
356,0,3,0,28,0,0,9.5,Mr,0,1,3
357,1,1,1,22,0,1,55.0,Miss,0,2,3
358,0,2,1,38,0,0,13.0,Miss,0,1,4
359,1,3,1,21,0,0,7.8792,Miss,2,1,3
360,1,3,1,21,0,0,7.8792,Miss,2,1,3
361,0,3,0,40,1,4,27.9,Mr,0,6,4
362,0,2,0,29,1,0,27.7208,Mr,1,2,3
363,0,3,1,45,0,1,14.4542,Mrs,1,2,4
364,0,3,0,35,0,0,7.05,Mr,0,1,4
365,0,3,0,30,1,0,15.5,Mr,2,2,4
366,0,3,0,30,0,0,7.25,Mr,0,1,4
367,1,1,1,60,1,0,75.25,Mrs,1,2,5
368,1,3,1,35,0,0,7.2292,Mrs,1,1,4
369,1,3,1,21,0,0,7.75,Miss,2,1,3
370,1,1,1,24,0,0,69.3,Mrs,1,1,3
371,1,1,0,25,1,0,55.4417,Mr,1,2,3
372,0,3,0,18,1,0,6.4958,Mr,0,2,2
373,0,3,0,19,0,0,8.05,Mr,0,1,2
374,0,1,0,22,0,0,135.6333,Mr,1,1,3
375,0,3,1,3,3,1,21.075,Miss,0,5,1
376,1,1,1,35,1,0,82.1708,Mrs,1,2,4
377,1,3,1,22,0,0,7.25,Miss,0,1,3
378,0,1,0,27,0,2,211.5,Mr,1,3,3
379,0,3,0,20,0,0,4.0125,Mr,1,1,3
380,0,3,0,19,0,0,7.775,Mr,0,1,2
381,1,1,1,42,0,0,227.525,Miss,1,1,4
382,1,3,1,1,0,2,15.7417,Miss,1,3,0
383,0,3,0,32,0,0,7.925,Mr,0,1,4
384,1,1,1,35,1,0,52.0,Mrs,0,2,4
385,0,3,0,30,0,0,7.8958,Mr,0,1,4
386,0,2,0,18,0,0,73.5,Mr,0,1,2
387,0,3,0,1,5,2,46.9,kid,0,8,0
388,1,2,1,36,0,0,13.0,Miss,0,1,4
389,0,3,0,30,0,0,7.7292,Mr,2,1,4
390,1,2,1,17,0,0,12.0,Miss,1,1,2
391,1,1,0,36,1,2,120.0,Mr,0,4,4
392,1,3,0,21,0,0,7.7958,Mr,0,1,3
393,0,3,0,28,2,0,7.925,Mr,0,3,3
394,1,1,1,23,1,0,113.275,Miss,1,2,3
395,1,3,1,24,0,2,16.7,Mrs,0,3,3
396,0,3,0,22,0,0,7.7958,Mr,0,1,3
397,0,3,1,31,0,0,7.8542,Miss,0,1,4
398,0,2,0,46,0,0,26.0,Mr,0,1,4
399,0,2,0,23,0,0,10.5,Dr,0,1,3
400,1,2,1,28,0,0,12.65,Mrs,0,1,3
401,1,3,0,39,0,0,7.925,Mr,0,1,4
402,0,3,0,26,0,0,8.05,Mr,0,1,3
403,0,3,1,21,1,0,9.825,Miss,0,2,3
404,0,3,0,28,1,0,15.85,Mr,0,2,3
405,0,3,1,20,0,0,8.6625,Miss,0,1,3
406,0,2,0,34,1,0,21.0,Mr,0,2,4
407,0,3,0,51,0,0,7.75,Mr,0,1,4
408,1,2,0,3,1,1,18.75,kid,0,3,1
409,0,3,0,21,0,0,7.775,Mr,0,1,3
410,0,3,1,21,3,1,25.4667,Miss,0,5,3
411,0,3,0,30,0,0,7.8958,Mr,0,1,4
412,0,3,0,30,0,0,6.8583,Mr,2,1,4
413,1,1,1,33,1,0,90.0,Miss,2,2,4
414,0,2,0,30,0,0,0.0,Mr,0,1,4
415,1,3,0,44,0,0,7.925,Mr,0,1,4
416,0,3,1,35,0,0,8.05,Mrs,0,1,4
417,1,2,1,34,1,1,32.5,Mrs,0,3,4
418,1,2,1,18,0,2,13.0,Miss,0,3,2
419,0,2,0,30,0,0,13.0,Mr,0,1,4
420,0,3,1,10,0,2,24.15,Miss,0,3,1
421,0,3,0,30,0,0,7.8958,Mr,1,1,4
422,0,3,0,21,0,0,7.7333,Mr,2,1,3
423,0,3,0,29,0,0,7.875,Mr,0,1,3
424,0,3,1,28,1,1,14.4,Mrs,0,3,3
425,0,3,0,18,1,1,20.2125,Mr,0,3,2
426,0,3,0,30,0,0,7.25,Mr,0,1,4
427,1,2,1,28,1,0,26.0,Mrs,0,2,3
428,1,2,1,19,0,0,26.0,Miss,0,1,2
429,0,3,0,30,0,0,7.75,Mr,2,1,4
430,1,3,0,32,0,0,8.05,Mr,0,1,4
431,1,1,0,28,0,0,26.55,Mr,0,1,3
432,1,3,1,35,1,0,16.1,Mrs,0,2,4
433,1,2,1,42,1,0,26.0,Mrs,0,2,4
434,0,3,0,17,0,0,7.125,Mr,0,1,2
435,0,1,0,50,1,0,55.9,Mr,0,2,4
436,1,1,1,14,1,2,120.0,Miss,0,4,2
437,0,3,1,21,2,2,34.375,Miss,0,5,3
438,1,2,1,24,2,3,18.75,Mrs,0,6,3
439,0,1,0,64,1,4,263.0,Mr,0,6,5
440,0,2,0,31,0,0,10.5,Mr,0,1,4
441,1,2,1,45,1,1,26.25,Mrs,0,3,4
442,0,3,0,20,0,0,9.5,Mr,0,1,3
443,0,3,0,25,1,0,7.775,Mr,0,2,3
444,1,2,1,28,0,0,13.0,Miss,0,1,3
445,1,3,0,30,0,0,8.1125,Mr,0,1,4
446,1,1,0,4,0,2,81.8583,kid,0,3,1
447,1,2,1,13,0,1,19.5,Miss,0,2,2
448,1,1,0,34,0,0,26.55,Mr,0,1,4
449,1,3,1,5,2,1,19.2583,Miss,1,4,1
450,1,1,0,52,0,0,30.5,Mr,0,1,4
451,0,2,0,36,1,2,27.75,Mr,0,4,4
452,0,3,0,30,1,0,19.9667,Mr,0,2,4
453,0,1,0,30,0,0,27.75,Mr,1,1,4
454,1,1,0,49,1,0,89.1042,Mr,1,2,4
455,0,3,0,30,0,0,8.05,Mr,0,1,4
456,1,3,0,29,0,0,7.8958,Mr,1,1,3
457,0,1,0,65,0,0,26.55,Mr,0,1,5
458,1,1,1,35,1,0,51.8625,Mrs,0,2,4
459,1,2,1,50,0,0,10.5,Miss,0,1,4
460,0,3,0,30,0,0,7.75,Mr,2,1,4
461,1,1,0,48,0,0,26.55,Mr,0,1,4
462,0,3,0,34,0,0,8.05,Mr,0,1,4
463,0,1,0,47,0,0,38.5,Mr,0,1,4
464,0,2,0,48,0,0,13.0,Mr,0,1,4
465,0,3,0,30,0,0,8.05,Mr,0,1,4
466,0,3,0,38,0,0,7.05,Mr,0,1,4
467,0,2,0,30,0,0,0.0,Mr,0,1,4
468,0,1,0,56,0,0,26.55,Mr,0,1,4
469,0,3,0,30,0,0,7.725,Mr,2,1,4
470,1,3,1,1,2,1,19.2583,Miss,1,4,0
471,0,3,0,30,0,0,7.25,Mr,0,1,4
472,0,3,0,38,0,0,8.6625,Mr,0,1,4
473,1,2,1,33,1,2,27.75,Mrs,0,4,4
474,1,2,1,23,0,0,13.7917,Mrs,1,1,3
475,0,3,1,22,0,0,9.8375,Miss,0,1,3
476,0,1,0,30,0,0,52.0,Mr,0,1,4
477,0,2,0,34,1,0,21.0,Mr,0,2,4
478,0,3,0,29,1,0,7.0458,Mr,0,2,3
479,0,3,0,22,0,0,7.5208,Mr,0,1,3
480,1,3,1,2,0,1,12.2875,Miss,0,2,0
481,0,3,0,9,5,2,46.9,kid,0,8,1
482,0,2,0,30,0,0,0.0,Mr,0,1,4
483,0,3,0,50,0,0,8.05,Mr,0,1,4
484,1,3,1,63,0,0,9.5875,Mrs,0,1,5
485,1,1,0,25,1,0,91.0792,Mr,1,2,3
486,0,3,1,21,3,1,25.4667,Miss,0,5,3
487,1,1,1,35,1,0,90.0,Mrs,0,2,4
488,0,1,0,58,0,0,29.7,Mr,1,1,4
489,0,3,0,30,0,0,8.05,Mr,0,1,4
490,1,3,0,9,1,1,15.9,kid,0,3,1
491,0,3,0,30,1,0,19.9667,Mr,0,2,4
492,0,3,0,21,0,0,7.25,Mr,0,1,3
493,0,1,0,55,0,0,30.5,Mr,0,1,4
494,0,1,0,71,0,0,49.5042,Mr,1,1,5
495,0,3,0,21,0,0,8.05,Mr,0,1,3
496,0,3,0,30,0,0,14.4583,Mr,1,1,4
497,1,1,1,54,1,0,78.2667,Miss,1,2,4
498,0,3,0,30,0,0,15.1,Mr,0,1,4
499,0,1,1,25,1,2,151.55,Mrs,0,4,3
500,0,3,0,24,0,0,7.7958,Mr,0,1,3
501,0,3,0,17,0,0,8.6625,Mr,0,1,2
502,0,3,1,21,0,0,7.75,Miss,2,1,3
503,0,3,1,21,0,0,7.6292,Miss,2,1,3
504,0,3,1,37,0,0,9.5875,Miss,0,1,4
505,1,1,1,16,0,0,86.5,Miss,0,1,2
506,0,1,0,18,1,0,108.9,Mr,1,2,2
507,1,2,1,33,0,2,26.0,Mrs,0,3,4
508,1,1,0,30,0,0,26.55,Mr,0,1,4
509,0,3,0,28,0,0,22.525,Mr,0,1,3
510,1,3,0,26,0,0,56.4958,Mr,0,1,3
511,1,3,0,29,0,0,7.75,Mr,2,1,3
512,0,3,0,30,0,0,8.05,Mr,0,1,4
513,1,1,0,36,0,0,26.2875,Mr,0,1,4
514,1,1,1,54,1,0,59.4,Mrs,1,2,4
515,0,3,0,24,0,0,7.4958,Mr,0,1,3
516,0,1,0,47,0,0,34.0208,Mr,0,1,4
517,1,2,1,34,0,0,10.5,Mrs,0,1,4
518,0,3,0,30,0,0,24.15,Mr,2,1,4
519,1,2,1,36,1,0,26.0,Mrs,0,2,4
520,0,3,0,32,0,0,7.8958,Mr,0,1,4
521,1,1,1,30,0,0,93.5,Miss,0,1,4
522,0,3,0,22,0,0,7.8958,Mr,0,1,3
523,0,3,0,30,0,0,7.225,Mr,1,1,4
524,1,1,1,44,0,1,57.9792,Mrs,1,2,4
525,0,3,0,30,0,0,7.2292,Mr,1,1,4
526,0,3,0,41,0,0,7.75,Mr,2,1,4
527,1,2,1,50,0,0,10.5,Miss,0,1,4
528,0,1,0,30,0,0,221.7792,Mr,0,1,4
529,0,3,0,39,0,0,7.925,Mr,0,1,4
530,0,2,0,23,2,1,11.5,Mr,0,4,3
531,1,2,1,2,1,1,26.0,Miss,0,3,0
532,0,3,0,30,0,0,7.2292,Mr,1,1,4
533,0,3,0,17,1,1,7.2292,Mr,1,3,2
534,1,3,1,35,0,2,22.3583,Mrs,1,3,4
535,0,3,1,30,0,0,8.6625,Miss,0,1,4
536,1,2,1,7,0,2,26.25,Miss,0,3,1
537,0,1,0,45,0,0,26.55,Mr,0,1,4
538,1,1,1,30,0,0,106.425,Miss,1,1,4
539,0,3,0,30,0,0,14.5,Mr,0,1,4
540,1,1,1,22,0,2,49.5,Miss,1,3,3
541,1,1,1,36,0,2,71.0,Miss,0,3,4
542,0,3,1,9,4,2,31.275,Miss,0,7,1
543,0,3,1,11,4,2,31.275,Miss,0,7,1
544,1,2,0,32,1,0,26.0,Mr,0,2,4
545,0,1,0,50,1,0,106.425,Mr,1,2,4
546,0,1,0,64,0,0,26.0,Mr,0,1,5
547,1,2,1,19,1,0,26.0,Mrs,0,2,2
548,1,2,0,30,0,0,13.8625,Mr,1,1,4
549,0,3,0,33,1,1,20.525,Mr,0,3,4
550,1,2,0,8,1,1,36.75,kid,0,3,1
551,1,1,0,17,0,2,110.8833,Mr,1,3,2
552,0,2,0,27,0,0,26.0,Mr,0,1,3
553,0,3,0,30,0,0,7.8292,Mr,2,1,4
554,1,3,0,22,0,0,7.225,Mr,1,1,3
555,1,3,1,22,0,0,7.775,Miss,0,1,3
556,0,1,0,62,0,0,26.55,Mr,0,1,5
557,1,1,1,48,1,0,39.6,Mrs,1,2,4
558,0,1,0,30,0,0,227.525,Mr,1,1,4
559,1,1,1,39,1,1,79.65,Mrs,0,3,4
560,1,3,1,36,1,0,17.4,Mrs,0,2,4
561,0,3,0,30,0,0,7.75,Mr,2,1,4
562,0,3,0,40,0,0,7.8958,Mr,0,1,4
563,0,2,0,28,0,0,13.5,Mr,0,1,3
564,0,3,0,30,0,0,8.05,Mr,0,1,4
565,0,3,1,21,0,0,8.05,Miss,0,1,3
566,0,3,0,24,2,0,24.15,Mr,0,3,3
567,0,3,0,19,0,0,7.8958,Mr,0,1,2
568,0,3,1,29,0,4,21.075,Mrs,0,5,3
569,0,3,0,30,0,0,7.2292,Mr,1,1,4
570,1,3,0,32,0,0,7.8542,Mr,0,1,4
571,1,2,0,62,0,0,10.5,Mr,0,1,5
572,1,1,1,53,2,0,51.4792,Mrs,0,3,4
573,1,1,0,36,0,0,26.3875,Mr,0,1,4
574,1,3,1,21,0,0,7.75,Miss,2,1,3
575,0,3,0,16,0,0,8.05,Mr,0,1,2
576,0,3,0,19,0,0,14.5,Mr,0,1,2
577,1,2,1,34,0,0,13.0,Miss,0,1,4
578,1,1,1,39,1,0,55.9,Mrs,0,2,4
579,0,3,1,35,1,0,14.4583,Mrs,1,2,4
580,1,3,0,32,0,0,7.925,Mr,0,1,4
581,1,2,1,25,1,1,30.0,Miss,0,3,3
582,1,1,1,39,1,1,110.8833,Mrs,1,3,4
583,0,2,0,54,0,0,26.0,Mr,0,1,4
584,0,1,0,36,0,0,40.125,Mr,1,1,4
585,0,3,0,30,0,0,8.7125,Mr,1,1,4
586,1,1,1,18,0,2,79.65,Miss,0,3,2
587,0,2,0,47,0,0,15.0,Mr,0,1,4
588,1,1,0,60,1,1,79.2,Mr,1,3,5
589,0,3,0,22,0,0,8.05,Mr,0,1,3
590,0,3,0,30,0,0,8.05,Mr,0,1,4
591,0,3,0,35,0,0,7.125,Mr,0,1,4
592,1,1,1,52,1,0,78.2667,Mrs,1,2,4
593,0,3,0,47,0,0,7.25,Mr,0,1,4
594,0,3,1,21,0,2,7.75,Miss,2,3,3
595,0,2,0,37,1,0,26.0,Mr,0,2,4
596,0,3,0,36,1,1,24.15,Mr,0,3,4
597,1,2,1,21,0,0,33.0,Miss,0,1,3
598,0,3,0,49,0,0,0.0,Mr,0,1,4
599,0,3,0,30,0,0,7.225,Mr,1,1,4
600,1,1,0,49,1,0,56.9292,Mr,1,2,4
601,1,2,1,24,2,1,27.0,Mrs,0,4,3
602,0,3,0,30,0,0,7.8958,Mr,0,1,4
603,0,1,0,30,0,0,42.4,Mr,0,1,4
604,0,3,0,44,0,0,8.05,Mr,0,1,4
605,1,1,0,35,0,0,26.55,Mr,1,1,4
606,0,3,0,36,1,0,15.55,Mr,0,2,4
607,0,3,0,30,0,0,7.8958,Mr,0,1,4
608,1,1,0,27,0,0,30.5,Mr,0,1,3
609,1,2,1,22,1,2,41.5792,Mrs,1,4,3
610,1,1,1,40,0,0,153.4625,Miss,0,1,4
611,0,3,1,39,1,5,31.275,Mrs,0,7,4
612,0,3,0,30,0,0,7.05,Mr,0,1,4
613,1,3,1,21,1,0,15.5,Miss,2,2,3
614,0,3,0,30,0,0,7.75,Mr,2,1,4
615,0,3,0,35,0,0,8.05,Mr,0,1,4
616,1,2,1,24,1,2,65.0,Miss,0,4,3
617,0,3,0,34,1,1,14.4,Mr,0,3,4
618,0,3,1,26,1,0,16.1,Mrs,0,2,3
619,1,2,1,4,2,1,39.0,Miss,0,4,1
620,0,2,0,26,0,0,10.5,Mr,0,1,3
621,0,3,0,27,1,0,14.4542,Mr,1,2,3
622,1,1,0,42,1,0,52.5542,Mr,0,2,4
623,1,3,0,20,1,1,15.7417,Mr,1,3,3
624,0,3,0,21,0,0,7.8542,Mr,0,1,3
625,0,3,0,21,0,0,16.1,Mr,0,1,3
626,0,1,0,61,0,0,32.3208,Mr,0,1,5
627,0,2,0,57,0,0,12.35,Mr,2,1,4
628,1,1,1,21,0,0,77.9583,Miss,0,1,3
629,0,3,0,26,0,0,7.8958,Mr,0,1,3
630,0,3,0,30,0,0,7.7333,Mr,2,1,4
631,1,1,0,80,0,0,30.0,Mr,0,1,5
632,0,3,0,51,0,0,7.0542,Mr,0,1,4
633,1,1,0,32,0,0,30.5,Dr,1,1,4
634,0,1,0,30,0,0,0.0,Mr,0,1,4
635,0,3,1,9,3,2,27.9,Miss,0,6,1
636,1,2,1,28,0,0,13.0,Miss,0,1,3
637,0,3,0,32,0,0,7.925,Mr,0,1,4
638,0,2,0,31,1,1,26.25,Mr,0,3,4
639,0,3,1,41,0,5,39.6875,Mrs,0,6,4
640,0,3,0,30,1,0,16.1,Mr,0,2,4
641,0,3,0,20,0,0,7.8542,Mr,0,1,3
642,1,1,1,24,0,0,69.3,Miss,1,1,3
643,0,3,1,2,3,2,27.9,Miss,0,6,0
644,1,3,0,30,0,0,56.4958,Mr,0,1,4
645,1,3,1,1,2,1,19.2583,Miss,1,4,0
646,1,1,0,48,1,0,76.7292,Mr,1,2,4
647,0,3,0,19,0,0,7.8958,Mr,0,1,2
648,1,1,0,56,0,0,35.5,Mr,1,1,4
649,0,3,0,30,0,0,7.55,Mr,0,1,4
650,1,3,1,23,0,0,7.55,Miss,0,1,3
651,0,3,0,30,0,0,7.8958,Mr,0,1,4
652,1,2,1,18,0,1,23.0,Miss,0,2,2
653,0,3,0,21,0,0,8.4333,Mr,0,1,3
654,1,3,1,21,0,0,7.8292,Miss,2,1,3
655,0,3,1,18,0,0,6.75,Miss,2,1,2
656,0,2,0,24,2,0,73.5,Mr,0,3,3
657,0,3,0,30,0,0,7.8958,Mr,0,1,4
658,0,3,1,32,1,1,15.5,Mrs,2,3,4
659,0,2,0,23,0,0,13.0,Mr,0,1,3
660,0,1,0,58,0,2,113.275,Mr,1,3,4
661,1,1,0,50,2,0,133.65,Dr,0,3,4
662,0,3,0,40,0,0,7.225,Mr,1,1,4
663,0,1,0,47,0,0,25.5875,Mr,0,1,4
664,0,3,0,36,0,0,7.4958,Mr,0,1,4
665,1,3,0,20,1,0,7.925,Mr,0,2,3
666,0,2,0,32,2,0,73.5,Mr,0,3,4
667,0,2,0,25,0,0,13.0,Mr,0,1,3
668,0,3,0,30,0,0,7.775,Mr,0,1,4
669,0,3,0,43,0,0,8.05,Mr,0,1,4
670,1,1,1,35,1,0,52.0,Mrs,0,2,4
671,1,2,1,40,1,1,39.0,Mrs,0,3,4
672,0,1,0,31,1,0,52.0,Mr,0,2,4
673,0,2,0,70,0,0,10.5,Mr,0,1,5
674,1,2,0,31,0,0,13.0,Mr,0,1,4
675,0,2,0,30,0,0,0.0,Mr,0,1,4
676,0,3,0,18,0,0,7.775,Mr,0,1,2
677,0,3,0,25,0,0,8.05,Mr,0,1,3
678,1,3,1,18,0,0,9.8417,Miss,0,1,2
679,0,3,1,43,1,6,46.9,Mrs,0,8,4
680,1,1,0,36,0,1,512.3292,Mr,1,2,4
681,0,3,1,21,0,0,8.1375,Miss,2,1,3
682,1,1,0,27,0,0,76.7292,Mr,1,1,3
683,0,3,0,20,0,0,9.225,Mr,0,1,3
684,0,3,0,14,5,2,46.9,Mr,0,8,2
685,0,2,0,60,1,1,39.0,Mr,0,3,5
686,0,2,0,25,1,2,41.5792,Mr,1,4,3
687,0,3,0,14,4,1,39.6875,Mr,0,6,2
688,0,3,0,19,0,0,10.1708,Mr,0,1,2
689,0,3,0,18,0,0,7.7958,Mr,0,1,2
690,1,1,1,15,0,1,211.3375,Miss,0,2,2
691,1,1,0,31,1,0,57.0,Mr,0,2,4
692,1,3,1,4,0,1,13.4167,Miss,1,2,1
693,1,3,0,30,0,0,56.4958,Mr,0,1,4
694,0,3,0,25,0,0,7.225,Mr,1,1,3
695,0,1,0,60,0,0,26.55,Mr,0,1,5
696,0,2,0,52,0,0,13.5,Mr,0,1,4
697,0,3,0,44,0,0,8.05,Mr,0,1,4
698,1,3,1,21,0,0,7.7333,Miss,2,1,3
699,0,1,0,49,1,1,110.8833,Mr,1,3,4
700,0,3,0,42,0,0,7.65,Mr,0,1,4
701,1,1,1,18,1,0,227.525,Mrs,1,2,2
702,1,1,0,35,0,0,26.2875,Mr,0,1,4
703,0,3,1,18,0,1,14.4542,Miss,1,2,2
704,0,3,0,25,0,0,7.7417,Mr,2,1,3
705,0,3,0,26,1,0,7.8542,Mr,0,2,3
706,0,2,0,39,0,0,26.0,Mr,0,1,4
707,1,2,1,45,0,0,13.5,Mrs,0,1,4
708,1,1,0,42,0,0,26.2875,Mr,0,1,4
709,1,1,1,22,0,0,151.55,Miss,0,1,3
710,1,3,0,4,1,1,15.2458,kid,1,3,1
711,1,1,1,24,0,0,49.5042,Miss,1,1,3
712,0,1,0,30,0,0,26.55,Mr,0,1,4
713,1,1,0,48,1,0,52.0,Mr,0,2,4
714,0,3,0,29,0,0,9.4833,Mr,0,1,3
715,0,2,0,52,0,0,13.0,Mr,0,1,4
716,0,3,0,19,0,0,7.65,Mr,0,1,2
717,1,1,1,38,0,0,227.525,Miss,1,1,4
718,1,2,1,27,0,0,10.5,Miss,0,1,3
719,0,3,0,30,0,0,15.5,Mr,2,1,4
720,0,3,0,33,0,0,7.775,Mr,0,1,4
721,1,2,1,6,0,1,33.0,Miss,0,2,1
722,0,3,0,17,1,0,7.0542,Mr,0,2,2
723,0,2,0,34,0,0,13.0,Mr,0,1,4
724,0,2,0,50,0,0,13.0,Mr,0,1,4
725,1,1,0,27,1,0,53.1,Mr,0,2,3
726,0,3,0,20,0,0,8.6625,Mr,0,1,3
727,1,2,1,30,3,0,21.0,Mrs,0,4,4
728,1,3,1,21,0,0,7.7375,Miss,2,1,3
729,0,2,0,25,1,0,26.0,Mr,0,2,3
730,0,3,1,25,1,0,7.925,Miss,0,2,3
731,1,1,1,29,0,0,211.3375,Miss,0,1,3
732,0,3,0,11,0,0,18.7875,Mr,1,1,1
733,0,2,0,30,0,0,0.0,Mr,0,1,4
734,0,2,0,23,0,0,13.0,Mr,0,1,3
735,0,2,0,23,0,0,13.0,Mr,0,1,3
736,0,3,0,29,0,0,16.1,Mr,0,1,3
737,0,3,1,48,1,3,34.375,Mrs,0,5,4
738,1,1,0,35,0,0,512.3292,Mr,1,1,4
739,0,3,0,30,0,0,7.8958,Mr,0,1,4
740,0,3,0,30,0,0,7.8958,Mr,0,1,4
741,1,1,0,30,0,0,30.0,Mr,0,1,4
742,0,1,0,36,1,0,78.85,Mr,0,2,4
743,1,1,1,21,2,2,262.375,Miss,1,5,3
744,0,3,0,24,1,0,16.1,Mr,0,2,3
745,1,3,0,31,0,0,7.925,Mr,0,1,4
746,0,1,0,70,1,1,71.0,Mr,0,3,5
747,0,3,0,16,1,1,20.25,Mr,0,3,2
748,1,2,1,30,0,0,13.0,Miss,0,1,4
749,0,1,0,19,1,0,53.1,Mr,0,2,2
750,0,3,0,31,0,0,7.75,Mr,2,1,4
751,1,2,1,4,1,1,23.0,Miss,0,3,1
752,1,3,0,6,0,1,12.475,kid,0,2,1
753,0,3,0,33,0,0,9.5,Mr,0,1,4
754,0,3,0,23,0,0,7.8958,Mr,0,1,3
755,1,2,1,48,1,2,65.0,Mrs,0,4,4
756,1,2,0,1,1,1,14.5,kid,0,3,0
757,0,3,0,28,0,0,7.7958,Mr,0,1,3
758,0,2,0,18,0,0,11.5,Mr,0,1,2
759,0,3,0,34,0,0,8.05,Mr,0,1,4
760,1,1,1,33,0,0,86.5,Mrs,0,1,4
761,0,3,0,30,0,0,14.5,Mr,0,1,4
762,0,3,0,41,0,0,7.125,Mr,0,1,4
763,1,3,0,20,0,0,7.2292,Mr,1,1,3
764,1,1,1,36,1,2,120.0,Mrs,0,4,4
765,0,3,0,16,0,0,7.775,Mr,0,1,2
766,1,1,1,51,1,0,77.9583,Mrs,0,2,4
767,0,1,0,47,0,0,39.6,Dr,1,1,4
768,0,3,1,31,0,0,7.75,Miss,2,1,4
769,0,3,0,30,1,0,24.15,Mr,2,2,4
770,0,3,0,32,0,0,8.3625,Mr,0,1,4
771,0,3,0,24,0,0,9.5,Mr,0,1,3
772,0,3,0,48,0,0,7.8542,Mr,0,1,4
773,0,2,1,57,0,0,10.5,Mrs,0,1,4
774,0,3,0,30,0,0,7.225,Mr,1,1,4
775,1,2,1,54,1,3,23.0,Mrs,0,5,4
776,0,3,0,18,0,0,7.75,Mr,0,1,2
777,0,3,0,30,0,0,7.75,Mr,2,1,4
778,1,3,1,5,0,0,12.475,Miss,0,1,1
779,0,3,0,30,0,0,7.7375,Mr,2,1,4
780,1,1,1,43,0,1,211.3375,Mrs,0,2,4
781,1,3,1,13,0,0,7.2292,Miss,1,1,2
782,1,1,1,17,1,0,57.0,Mrs,0,2,2
783,0,1,0,29,0,0,30.0,Mr,0,1,3
784,0,3,0,30,1,2,23.45,Mr,0,4,4
785,0,3,0,25,0,0,7.05,Mr,0,1,3
786,0,3,0,25,0,0,7.25,Mr,0,1,3
787,1,3,1,18,0,0,7.4958,Miss,0,1,2
788,0,3,0,8,4,1,29.125,kid,2,6,1
789,1,3,0,1,1,2,20.575,kid,0,4,0
790,0,1,0,46,0,0,79.2,Mr,1,1,4
791,0,3,0,30,0,0,7.75,Mr,2,1,4
792,0,2,0,16,0,0,26.0,Mr,0,1,2
793,0,3,1,21,8,2,69.55,Miss,0,11,3
794,0,1,0,30,0,0,30.6958,Mr,1,1,4
795,0,3,0,25,0,0,7.8958,Mr,0,1,3
796,0,2,0,39,0,0,13.0,Mr,0,1,4
797,1,1,1,49,0,0,25.9292,Dr,0,1,4
798,1,3,1,31,0,0,8.6833,Mrs,0,1,4
799,0,3,0,30,0,0,7.2292,Mr,1,1,4
800,0,3,1,30,1,1,24.15,Mrs,0,3,4
801,0,2,0,34,0,0,13.0,Mr,0,1,4
802,1,2,1,31,1,1,26.25,Mrs,0,3,4
803,1,1,0,11,1,2,120.0,kid,0,4,1
804,1,3,0,1,0,1,8.5167,kid,1,2,0
805,1,3,0,27,0,0,6.975,Mr,0,1,3
806,0,3,0,31,0,0,7.775,Mr,0,1,4
807,0,1,0,39,0,0,0.0,Mr,0,1,4
808,0,3,1,18,0,0,7.775,Miss,0,1,2
809,0,2,0,39,0,0,13.0,Mr,0,1,4
810,1,1,1,33,1,0,53.1,Mrs,0,2,4
811,0,3,0,26,0,0,7.8875,Mr,0,1,3
812,0,3,0,39,0,0,24.15,Mr,0,1,4
813,0,2,0,35,0,0,10.5,Mr,0,1,4
814,0,3,1,6,4,2,31.275,Miss,0,7,1
815,0,3,0,31,0,0,8.05,Mr,0,1,4
816,0,1,0,30,0,0,0.0,Mr,0,1,4
817,0,3,1,23,0,0,7.925,Miss,0,1,3
818,0,2,0,31,1,1,37.0042,Mr,1,3,4
819,0,3,0,43,0,0,6.45,Mr,0,1,4
820,0,3,0,10,3,2,27.9,kid,0,6,1
821,1,1,1,52,1,1,93.5,Mrs,0,3,4
822,1,3,0,27,0,0,8.6625,Mr,0,1,3
823,0,1,0,38,0,0,0.0,Mr,0,1,4
824,1,3,1,27,0,1,12.475,Mrs,0,2,3
825,0,3,0,2,4,1,39.6875,kid,0,6,0
826,0,3,0,30,0,0,6.95,Mr,2,1,4
827,0,3,0,30,0,0,56.4958,Mr,0,1,4
828,1,2,0,1,0,2,37.0042,kid,1,3,0
829,1,3,0,30,0,0,7.75,Mr,2,1,4
830,1,1,1,62,0,0,80.0,Mrs,0,1,5
831,1,3,1,15,1,0,14.4542,Mrs,1,2,2
832,1,2,0,1,1,1,18.75,kid,0,3,0
833,0,3,0,30,0,0,7.2292,Mr,1,1,4
834,0,3,0,23,0,0,7.8542,Mr,0,1,3
835,0,3,0,18,0,0,8.3,Mr,0,1,2
836,1,1,1,39,1,1,83.1583,Miss,1,3,4
837,0,3,0,21,0,0,8.6625,Mr,0,1,3
838,0,3,0,30,0,0,8.05,Mr,0,1,4
839,1,3,0,32,0,0,56.4958,Mr,0,1,4
840,1,1,0,30,0,0,29.7,Mr,1,1,4
841,0,3,0,20,0,0,7.925,Mr,0,1,3
842,0,2,0,16,0,0,10.5,Mr,0,1,2
843,1,1,1,30,0,0,31.0,Miss,1,1,4
844,0,3,0,35,0,0,6.4375,Mr,1,1,4
845,0,3,0,17,0,0,8.6625,Mr,0,1,2
846,0,3,0,42,0,0,7.55,Mr,0,1,4
847,0,3,0,30,8,2,69.55,Mr,0,11,4
848,0,3,0,35,0,0,7.8958,Mr,1,1,4
849,0,2,0,28,0,1,33.0,Mr,0,2,3
850,1,1,1,35,1,0,89.1042,Mrs,1,2,4
851,0,3,0,4,4,2,31.275,kid,0,7,1
852,0,3,0,74,0,0,7.775,Mr,0,1,5
853,0,3,1,9,1,1,15.2458,Miss,1,3,1
854,1,1,1,16,0,1,39.4,Miss,0,2,2
855,0,2,1,44,1,0,26.0,Mrs,0,2,4
856,1,3,1,18,0,1,9.35,Mrs,0,2,2
857,1,1,1,45,1,1,164.8667,Mrs,0,3,4
858,1,1,0,51,0,0,26.55,Mr,0,1,4
859,1,3,1,24,0,3,19.2583,Mrs,1,4,3
860,0,3,0,30,0,0,7.2292,Mr,1,1,4
861,0,3,0,41,2,0,14.1083,Mr,0,3,4
862,0,2,0,21,1,0,11.5,Mr,0,2,3
863,1,1,1,48,0,0,25.9292,Mrs,0,1,4
864,0,3,1,21,8,2,69.55,Miss,0,11,3
865,0,2,0,24,0,0,13.0,Mr,0,1,3
866,1,2,1,42,0,0,13.0,Mrs,0,1,4
867,1,2,1,27,1,0,13.8583,Miss,1,2,3
868,0,1,0,31,0,0,50.4958,Mr,0,1,4
869,0,3,0,30,0,0,9.5,Mr,0,1,4
870,1,3,0,4,1,1,11.1333,kid,0,3,1
871,0,3,0,26,0,0,7.8958,Mr,0,1,3
872,1,1,1,47,1,1,52.5542,Mrs,0,3,4
873,0,1,0,33,0,0,5.0,Mr,0,1,4
874,0,3,0,47,0,0,9.0,Mr,0,1,4
875,1,2,1,28,1,0,24.0,Mrs,1,2,3
876,1,3,1,15,0,0,7.225,Miss,1,1,2
877,0,3,0,20,0,0,9.8458,Mr,0,1,3
878,0,3,0,19,0,0,7.8958,Mr,0,1,2
879,0,3,0,30,0,0,7.8958,Mr,0,1,4
880,1,1,1,56,0,1,83.1583,Mrs,1,2,4
881,1,2,1,25,0,1,26.0,Mrs,0,2,3
882,0,3,0,33,0,0,7.8958,Mr,0,1,4
883,0,3,1,22,0,0,10.5167,Miss,0,1,3
884,0,2,0,28,0,0,10.5,Mr,0,1,3
885,0,3,0,25,0,0,7.05,Mr,0,1,3
886,0,3,1,39,0,5,29.125,Mrs,2,6,4
887,0,2,0,27,0,0,13.0,Mr,0,1,3
888,1,1,1,19,0,0,30.0,Miss,0,1,2
889,0,3,1,21,1,2,23.45,Miss,0,4,3
890,1,1,0,26,0,0,30.0,Mr,1,1,3
891,0,3,0,32,0,0,7.75,Mr,2,1,4
